Announced Date;Bidder Company;Seller Company
13.02.2023;DOCU Nordic;Sikri Holding AS
10.02.2023;Accent Equity Partners AB;CapMan Plc
02.02.2023;Ramudden AB;Roadworks AS
02.02.2023;Tamtron Group Oy;Verdane Capital
02.02.2023;"Existing Management; BAS Invest AB";CapMan Plc
23.01.2023;HopLop Oy;Litorina Capital Advisors AB
23.01.2023;Norvestor Equity AS;Intera Equity Partners Oy
13.01.2023;Empir Group AB;Litorina Capital Advisors AB
13.01.2023;Coast Seafood AS;Maj Invest Equity A/S
09.01.2023;Max Matthiessen AB;MFEX Mutual Funds Exchange AB
22.12.2022;Microdata ApS;Mjf Invest ApS
19.12.2022;eEducation Albert AB;Zenith Venture Capital AB
19.12.2022;"Existing Management; Nimlas TopCo AB";Credo Partners AS
15.12.2022;Nordic Capital;Alder AB
13.12.2022;Lakeus Holding AB;"VISIO Varainhoito Oy; Tenendum Oy; Tuutti Invest Oy"
09.12.2022;Adelis Equity Partners AB;Capillar Equity
09.12.2022;"Athos KG; EQT AB";EQT AB
07.12.2022;Assemblin AB;Magne-Vegar Gulbrandsen (Private investor)
07.12.2022;"Sponsor Capital Oy; Existing Management";Vaaka Partners Oy
01.12.2022;"One Nordic AB; Eleda Group";Enerim OY
29.11.2022;Core Sustainability Capital;Kirk Kapital A/S
24.11.2022;"Existing Management; Kirk Kapital A/S; Steffen Thomsen (Private Individual); Martin Mikkelsen (Private individual)";Adelis Equity Partners AB
22.11.2022;Monterro Software Investment AB;Stephen Martin (Private Individual)
22.11.2022;Niam AB;Leimdorfer
21.11.2022;Catacap Management A/S;"Jonas Faering (Private Individual); Bo Penstoft (Private Individual)"
17.11.2022;MedCap AB;Linc AB
11.11.2022;Auksjonen.no AS;BlaaBer Kompaniet AS
10.11.2022;Undisclosed bidder;Herkules Capital AS
08.11.2022;Intera Equity Partners Oy;Saari Partners Oy
03.11.2022;Pharmia Oy;Elokuu Luonnontuote Oy
01.11.2022;Kamic Group AB;"Juuri Partners Oy; Stone Capital Oy"
31.10.2022;Alder II AB;Grimaldi Industri AB
21.10.2022;VIEW Group;Ness, Risan & Partners AS
17.10.2022;CapeOmega AS;Knutsen LNG AS
11.10.2022;Helix Kapital AB;Maskinstyrning i Norr
07.10.2022;Geomatikk AS;Gamo Holding AS
07.10.2022;"KKR & Co. Inc. ; Oslo Pensjonsforsikring AS";Telenor ASA
05.10.2022;Nevel Oy;Nordic Paper Holding AB (publ)
26.09.2022;Fidelio Capital AB;Tjoffe Sjogren (Private Investor)
26.09.2022;Ratos AB;"JCE Group AB; Samson Rock Capital LLP; Nordea Investment Management AB; Otus Capital Management Ltd; Ennismore Fund Management Ltd"
22.09.2022;Sortera Group AB;RGS Nordic A/S
20.09.2022;Bluefront Equity AS;Siro Invest AS
19.09.2022;Nordic Climate Group AB;Korona Invest Oy
08.09.2022;Kambi Group PLC;Upright Capital Aps
01.09.2022;"Verdane Capital; Verdane Idun I";Serendipity Partners AS
31.08.2022;Serwiz;Polaris Private Equity
26.08.2022;Norvestor SPV II;Norvestor VII L.P.
23.08.2022;Omegapoint Group AB;Bertel O. Steen AS
22.08.2022;Existing Management;Procuritas AB
22.08.2022;"Patrizia Immobilien AG; SAREN Energy AS";"Daimyo AS; Kvitebjorn Energi AS"
18.08.2022;"Unigestion SA; Simac Techniek NV; Existing Management; Accent Equity Partners AB; Gerlas van den Hoven (private investor)";Accent Equity 2012 L.P.
18.08.2022;Papirfly AS;"StartupLab AS; Sagene Tech Ventures AS; Alesco Ventures OU"
09.08.2022;Accent Equity Partners AB;Catacap Management A/S
08.08.2022;Norgesdekk AS;"Conny Gustafson (Private Individual); Kenneth Undberg (Private Individual); Mats Andersson (Private Individual)"
21.07.2022;"TK Elevator GmbH; TK Elevator Sweden AB";Pegroco Invest AB
21.07.2022;Cambio Healthcare Systems AB;FRISQ Holding AB
19.07.2022;Axxelerator Capital AS;Jan Erik Jensen (Private Individual)
16.07.2022;Caybon;VOW Midco AB
13.07.2022;Axcel Management A/S;Systematic Growth AB
12.07.2022;Axcel Management A/S;Accent Equity Partners AB
11.07.2022;Norva24 Group AB;Anreas Lindelof (Private Individual)
11.07.2022;ABL Group ASA;Progressus Management AS
08.07.2022;No Dig Alliance AB;NCC AB
07.07.2022;Akademikliniken AB;"PLASTIKKIRURGI NO AS; BERG KAPITAL AS"
05.07.2022;Nordic Technology Group AS;TeleVenture Private Equity AS
05.07.2022;Nordic Technology Group AS;TeleVenture Private Equity AS
05.07.2022;Nordic Technology Group AS;TeleVenture Private Equity AS
05.07.2022;Nordic Technology Group AS;TeleVenture Private Equity AS
01.07.2022;MV-Jaahdytys Oy;Tampere Investment Oy
01.07.2022;GeneraLife Clinics, S.L.;Stiftelsen Promobilia
01.07.2022;Treville & Co. A/S;Hanssen Equity A/S
30.06.2022;Nordic Tyre Group AB;Altor Equity Partners AB
29.06.2022;Arc Arise Consultants Group AB;"Amuzos AB; Lindau & Partners AB"
28.06.2022;Dantaxi 4x48 A/S;Abildskou A/S
28.06.2022;"Triton Partners; Triton Smaller Mid-Cap II Fund";"Intermediate Capital Group Plc; Etera Mutual Pension Insurance Company"
24.06.2022;Konstel AS;"Jelstad AS; Holen AS; TMH AS"
23.06.2022;"Helen Ventures; Curiosity Venture Capital BV";YIT Corporation
23.06.2022;Remeo Oy;Axcel Management A/S
22.06.2022;"Sparekassen Kronjylland A/S; Forenet Kredit A/S";Erhvervsinvest Management A/S
22.06.2022;"Dion Eriksen (Private Investor); Sparekassen Kronjylland A/S; Jens Poulsen (Private Investor); Nykredit";Erhvervsinvest Management A/S
22.06.2022;"Schouw & Co A/S; GPV International A/S";Ahlstrom Capital Oy
20.06.2022;"3i Group Plc; Kite Bidco Aps";L Konge Holding ApS
16.06.2022;Ratos AB;Adelis Equity Partners AB
15.06.2022;Zcooly AB;LEGO Ventures
15.06.2022;Egiss A/S;Den Sociale Kapitalfond Management ApS
15.06.2022;"Assemblin AB; Fidelix Oy";"Patrick Simpson (Private Investor); Martin Hallberg (Private Investor)"
14.06.2022;Nevel Oy;Veitsiluoto Oy
13.06.2022;Geomatikk AS;KART INVEST AS
09.06.2022;ID North AB;Pulsen Retail AB
08.06.2022;OptiGroup AB;Maske Holding AS
07.06.2022;Procuritas AB;We Hire BidCo AB
07.06.2022;"Mubadala Investment Company PJSC; EQT AB";"Cinven Partners LLP; Novo Holdings A/S"
03.06.2022;"ID Verde SAS; Armorica Danmark ApS";Gron Vaekst Holding AS
01.06.2022;Novedo Holding AB;"Carlson Investment Management; Sareq AB"
01.06.2022;Lojer Oy;Intera Partners Oy
31.05.2022;Carnegie;Carneo AB
31.05.2022;Bergkvarabuss AB;Pegroco Invest AB
30.05.2022;EG A/S;Viking Venture Management AS
25.05.2022;BELFOR Europe GmbH;Polaris Private Equity
24.05.2022;Trill impact AB;MB Funds
24.05.2022;Ahlsell AB;"Nordea AB; Jyske Bank; Danske Bank; Nykredit Bank A/S"
23.05.2022;"Ahlstrom Capital Oy; Nidoco AB";Ahlstrom-Munksjo Oyj
23.05.2022;Eniro AB;PEQ AB
18.05.2022;ITM8 Holding A/S;Axcel Management A/S
16.05.2022;Altor Equity Partners AB;Capillar Equity
16.05.2022;READ Cased Hole Limited;Norvestor Equity AS
09.05.2022;Norvestor Equity AS;Nomor Holding AB
04.05.2022;ZS;"PreSeed Ventures; Intomics Holdings A/S"
04.05.2022;Aleris AB;MVI Group
02.05.2022;Interwell AS;Herkules Capital AS
29.04.2022;Sanos Clinic A/S;LEO Pharma A/S
28.04.2022;Renevo Oy;Lehto Group PLC
27.04.2022;Triton Partners;Standout Capital
22.04.2022;Multi-Wing International a/s;Fabrika AS
20.04.2022;Driv Kapital Forvaltning AS;"Mona Jensen (Private Investor); Morten Isachsen (Private Investor)"
20.04.2022;Padel United Intressenter Sverige AB;Fidelio Capital AB
13.04.2022;"Procuritas AB; LGT Capital Partners Ltd.; Puskala Invest Oy";Procuritas Capital Investors V LP
12.04.2022;Visit Technology Group AB;Standout Capital
12.04.2022;Realsolv AB;"Ilvonen Korporaatio Oy; Kristian Ilvonen Oy"
07.04.2022;Accent Equity Partners AB;SEB Private Equity
06.04.2022;"Norsk Hydro ASA; Altor Equity Partners AB";ELKEM ASA
05.04.2022;Assemblin AB;Aspskaren Invest AB
31.03.2022;GlobalConnect A/S;Wizer A/S
30.03.2022;Ratos AB;Segulah Advisor AB
25.03.2022;Storskogen Group AB (publ);Accent Equity Partners AB
22.03.2022;WeSports Scandinavia AB;"e-Business Partner Norden AB; Slash Investments AB"
22.03.2022;"HitecVision AS; Areim AB; Infranode; Hafslund Eco AS";Fortum Oyj AB
22.03.2022;Tbd30 Ab;Capillar Equity Fund I AB
21.03.2022;Bufab Holding AB;Nordic Capital
16.03.2022;HitecVision AS;TronderEnergi AS
11.03.2022;Asker Healthcare Group;Dansk Generationsskifte AS
07.03.2022;Lassenteret AS;Heikki Eiendom AS
02.03.2022;Visma AS;Creandum
01.03.2022;Renta Group Oy;"Terje Stykket (Private Investor); Rune Isachsen (Private Investor)"
28.02.2022;C Medical Group AS;Akerud Medical Consulting AB
28.02.2022;Rebellion Capital;"Fredrik Borjesson (Private Investor); Joakim Borjesson (Private Investor)"
28.02.2022;Undisclosed bidder;Cleantech Invest Plc
22.02.2022;Nordstjernan AB;Axcel Management A/S
21.02.2022;"Existing Management; Vaaka Partners Oy";"Alma Media Oyj; Bocap Investment Oy"
18.02.2022;Existing Management;EQT Partners AB
17.02.2022;Reach Subsea ASA;Norvestor Equity AS
16.02.2022;Advania AB;Adelis Equity Partners AB
02.02.2022;"Nokia Oyj; Withings France SA";"Creandum; Eight Roads Ventures India"
31.01.2022;DLVRY AS;Axcel Management A/S
31.01.2022;DLVRY AS;Axcel Management A/S
31.01.2022;Undisclosed bidder;Juuri Partners Oy
27.01.2022;Novedo Holding AB;"Dennis Hedström (Private Investor); Nenad Blagojevic (Private Investor)"
27.01.2022;"Existing Management; Verdane Capital";Standout Capital
20.01.2022;Sandahlsbolagen Sweden AB;Bure Equity AB
18.01.2022;"Verdane Capital; Instabox AB";Verdane Capital
18.01.2022;Stena Sessan AB;Monterro 1 AB
18.01.2022;Cube Infrastructure Managers S.A.;Ringerikskraft AS
17.01.2022;Aditro Logistics AB;PEQ Invest 1 AB
12.01.2022;Jernbro Industrial Services AB;Axel Johnson AB
12.01.2022;Handverksgruppen AS;"Ronnie Osterberg (Private Investor); Thomas Osterberg (Private Investor)"
06.01.2022;"Existing Management; Adelis Equity Partners AB";Capidea Management ApS
31.12.2021;Mimir Invest AB;Outotec Oyj
28.12.2021;"Nordic Capital; Coller Capital Limited; Goldman Sachs Asset Management, L.P.; Pantheon Ventures Inc";Nordic Capital
22.12.2021;Equip Capital AS;"Lars Krangnes (Private Investor); Atle Gerhardsen (Private Investor)"
21.12.2021;FSN Capital Partners AS;"Triton Partners; Altor Equity Partners AB"
20.12.2021;"New Enterprise Associates; Jakob Tolleryd; Richard Bage (Private Investor); Inbox Capital AB; Tagehus Holding AB; Johan Tjaernberg (Private Investor); Magnus Silfverberg (Private Investor)";Litorina Capital Advisors AB
17.12.2021;Speed Group AB;Dream Logistics
17.12.2021;Handverksgruppen AS;Konveks Holding AS
16.12.2021;"Ratos AB; Vestia Construction Group AB";HENT AS
15.12.2021;Scana ASA;Herkules Capital AS
14.12.2021;Bluefront Equity AS;Oxyvision AS
09.12.2021;ICM Holdco III Corp;"Lars Ole Moller Jensen (Private Investor); Peter Laugesen (Private Investor)"
08.12.2021;Francks Kylindustri Sweden AB;Broodstock Capital
07.12.2021;Mehilainen Oy;MB Funds
07.12.2021;JCE Group AB;Litorina Capital Advisors AB
30.11.2021;Farna Invest AB;Serendipity Partners AS
30.11.2021;"Vaekstfonden; Chr. Augustinus Fabrikker A/S";Trifork A/S
30.11.2021;"IK Partners; Existing Management";Intera Partners Oy
24.11.2021;J2L Holding AB;Almi Invest AB
24.11.2021;GlobalConnect AS;Telenor ASA
23.11.2021;"Jotta AS; SaaS Holding AS";Hawk Invest AS
22.11.2021;Norvestor Equity AS;MB Funds
18.11.2021;Ratos AB;"KB Gruppen Kongsvinger AS; Tertnes Holding AS"
16.11.2021;Adelis Equity Partners AB;Avain Yhtiot Group
15.11.2021;Verso Capital Oy;"Almi Invest AB; Entreprenorinvest Sverige"
09.11.2021;Sambla AB;Speqta AB
09.11.2021;"IK Partners; Existing Management; SEB Private Equity";Sobro AB
08.11.2021;Norvestor Equity AS;IK Partners
05.11.2021;LeDap Group Ab;"Dobido AB; Emergent AB"
04.11.2021;Outpost24 AB;Monterro 1 AB
02.11.2021;Berner Oy;Sponsor Capital Oy
02.11.2021;Klarna Bank AB (publ);"eEquity AB; Creades AB; Karl-Johan	Persson (Private Investor)- DUPLICATE; Nicklas Storakers (Private investor)"
01.11.2021;Soderbergforetagen J AB;Korona Invest Oy
01.11.2021;Iver AB;Centrera Holding AB
28.10.2021;NREP A/S;"Heimdal Bolig AS; Ovre Rotvoll AS"
25.10.2021;We Are Padel AB;"Patrik Eklund AB; Kristall bemanning i sverige AB"
25.10.2021;"Actona Company A/S ; Lars Larsen Group";Dansk Ejerkapital A/S
15.10.2021;Maj Invest Equity A/S;PKA A/S
12.10.2021;"NEP Group, Inc.; Creative Technology Northern Europe AB";CapMan Plc
08.10.2021;Mimir Invest AB;Glommen Mjosen Skog BA
07.10.2021;Vestum (publ) AB;Summa Equity AB
07.10.2021;Confirma Software;"Hans Olov Hjalmarsson (Private investor); Scaninvest GmbH; Kummeluddne AB"
06.10.2021;GN Store Nord A/S;Axcel Management A/S
04.10.2021;EG Norge AS;Tricode Oy
04.10.2021;"EQT Partners AB; Stonepeak Infrastructure Partners";EQT Partners AB
29.09.2021;We Are Padel AB;"Svegusblu AB; Hoope Enterprise AB; AK Padel AB; Utemiljogruppen i Sundsvall AB"
29.09.2021;Boreo Oyj;Preato Capital AB
28.09.2021;Undisclosed bidder;Kistefos AS
27.09.2021;CapMan Plc;St1 Oy
27.09.2021;Jotunfjell Partners AS;RNB Retail and Brands AB
27.09.2021;Falck Danmark A/S;Credo Partners AS
24.09.2021;Bravida AB;Triton Partners
23.09.2021;Lantmannen ek;Sponsor Capital Oy
22.09.2021;PriceRunner Group AB;"Digitale Medier 1881 AS; Tini Invest AS"
22.09.2021;nShift Group AS;Vaekstpartner Kapital ApS
21.09.2021;Polaris Private Equity;Erhvervsinvest Management A/S
20.09.2021;Presto Paloturvallisuus Oy;"Tero Roivainen (Private investor); Tommi Roivainen (Private investor); Tero Lehtinen (Private investor)"
17.09.2021;Aegirbio AB;"BackingMinds; Anne Kihlgren (Private Investor)"
15.09.2021;Norlandia Health & Care Group AS;Altor Equity Partners AB
08.09.2021;Solix Group AB;Jens Stausholm (Private Investor)
02.09.2021;Ageras A/S;"Northzone Ventures AS; Finnish Industry Investment Ltd; Conor Venture Partners Oyj; NFT Ventures ; Mattias Hansson (Private Investor); Tuukka Koskinen (Private Investor)"
01.09.2021;Sandbackens Invest AB;Ekroth & Jahnberg Holding AB
31.08.2021;HiQ International AB;Skartech AB
31.08.2021;BST Brandskyddsteamet AB;I.A & M.W Holding AB
30.08.2021;Cegal AS;"Credo Partners AS; Ferd AS"
27.08.2021;Fidelio Capital AB;Skirner AB
26.08.2021;We Are Padel AB;Familjen & Byggarn AB
26.08.2021;"Icon Capital AS; Akva Marine Services AS";LIN AS
23.08.2021;nShift Group AS;Wellstreet Partners AB
23.08.2021;Existing Management;BWB Partners P/S
20.08.2021;Midsona AB;Juuri Partners Oy
19.08.2021;Trioworld Industrier AB;"Entreprenorinvest Sverige	; LRF Ventures; Lantbrukarnas Ekonomi AB; Malmbacks Invest AB; El-Fynd Holding i Sverige AB"
16.08.2021;Bagger-Sørensen Equity A / S;Burcharth family
16.08.2021;Altor Equity Partners AB;Nordisk Film A/S
16.08.2021;Monterro Software Investment AB;TPC Management ApS
11.08.2021;Storskogen Group AB (publ);Ceder Capital
11.08.2021;Storskogen Group AB (publ);Ceder Capital
11.08.2021;Storskogen Group AB (publ);Ceder Capital
11.08.2021;Storskogen Group AB (publ);Ceder Capital
11.08.2021;Storskogen Group AB (publ);Ceder Capital
10.08.2021;Advania AB;IK Partners
06.08.2021;Bano AS;"OLTO Invest AS; Sjoblikk AS"
04.08.2021;Dr. Furst Medisinsk Laboratorium AS;"Kverva Industrier AS; Aspehaug Holding; Devold Holding"
03.08.2021;Evidensia Djursjukvard AB;Korona Invest Oy
27.07.2021;Klarna Bank AB (publ);Spintop Ventures
23.07.2021;"Borregaard A/S; EIC Fund; Jakob Hatteland (Private Investor)";Thorleif Thormodsen (Private Investor)
16.07.2021;Nordic Transport Group A/S;Litorina Capital Advisors AB
16.07.2021;Ahlstrom Capital Oy;Metso Outotec Corporation
13.07.2021;Karbon Invest AS;Longship AS
12.07.2021;Wihuri Oy;CapMan Plc
11.07.2021;Embriq AS;Norinnova Invest AS
09.07.2021;Viking Venture Management AS;Monterro Software Investment AB
09.07.2021;VIA Equity A/S;Morten Krogh (Private Investor)
09.07.2021;EQT Partners AB;"Triton Partners; Tempus Capital GmbH"
08.07.2021;Accent Equity Partners AB;VIA Equity A/S
08.07.2021;Storskogen Group AB (publ);Accent Equity Partners AB
08.07.2021;Vitrolife AB (publ);"EQT Partners AB; Charme Capital Partners SGR S.p.A."
06.07.2021;Tepac Entreprenad AB;Johan Borjebo (Private Investor)
05.07.2021;Nalka Invest AB;ASSA ABLOY AB
05.07.2021;Summa Equity AB;Longship AS
02.07.2021;Accountor Holdings Oy;Oy Wedeco Ab
02.07.2021;Axcel Management A/S;Herkules Capital AS
02.07.2021;Mehilainen Oy;Vaaka Partners Oy
02.07.2021;CapMan Plc;Verdane Capital
01.07.2021;Storskogen Group AB (publ);"Patrick.Hansson AB; Kulog AB"
01.07.2021;Storskogen Group AB (publ);"Lena Areskoug (Private investor); Peter Wolff (Private investor)"
01.07.2021;Dansk Ejerkapital A/S;Vaekst-Invest Nordjylland A/S
01.07.2021;KVD Kvarndammen AB;Nalka Invest AB
01.07.2021;Royal Unibrew A/S;CapMan Plc
30.06.2021;Axcel Management A/S;Polaris Private Equity
30.06.2021;Verdane Capital;Karnell
29.06.2021;Recover Nordic AS;"SJT Miljo AS; Jtr Eiendomsinvest AS"
29.06.2021;Lazarus Industriforvaltning AB;Stena Metall AB
29.06.2021;Recover Nordic AS;"JTR Eiendomsinvest AS; SJT Miljo AS"
29.06.2021;4service AS;Care Companies AS
29.06.2021;Intera Partners Oy;"Avara Ltd; Bullstreet Invest Oy"
28.06.2021;Altor Equity Partners AB;Monterro Software Investment AB
24.06.2021;TempCon Group AB;Norrmejerier ek forening
23.06.2021;"Keystone Education Group; Keith Fransson (Private Investor)";Verdane Capital
22.06.2021;Currentum AB;Mortensen Holding AB
22.06.2021;Enemaerke & Petersen A/S;Esbjerg Brygge Invest A/S
22.06.2021;"Volati AB; Ann-Charlotte Andersson (Private Investor)";Priveq Investment
21.06.2021;Kibord AS;Accent Equity Partners AB
18.06.2021;Menu A/S;Buurskov & Lassen Maskinfabrik ApS
18.06.2021;Nordic Rescue Group;Andersers Mekaniska Verkstad AB
17.06.2021;Axcel Management A/S;Dansk Ejerkapital A/S
17.06.2021;Norva24 Group AB;MalmbergGruppen AB
17.06.2021;4service AS;Harald Hagvag (Private investor)
16.06.2021;Trill impact AB;Priveq Investment
16.06.2021;PHM Group;MVI Group
16.06.2021;Trill impact AB;Priveq Investment
16.06.2021;Nalka Invest AB;"SEB Venture Capital; LK Finans AB"
15.06.2021;Priveq Investment;Hjelm Family
15.06.2021;Norvestor Equity AS;"Kirk Kapital A/S; Claus Moldow (Private Investor)"
14.06.2021;Pearl Group AS;Enfo Oyj
11.06.2021;Litorina Capital Advisors AB;"Joakim Wiklander (Private Investor); Jonas Wiklander (Private Investor); Mika Zibanejad (Private Investor); Monir Kalgoum (Private Investor)"
10.06.2021;Storskogen Group AB (publ);"Torgny Nilsson (Private Investor); Attila Foldhazi (Private Investor)"
09.06.2021;REEN;"Earlybird Venture Capital GmbH & Co KG; Finnish Industry Investment Ltd; Lifeline Ventures Oy; Draper Associates, Inc.; Ginko Ventures Sarl; ZenStone Venture Capital LLC; First Fellow Partners Oy"
09.06.2021;BHG Group AB;Verdane Capital
08.06.2021;Schibsted ASA;Gorilla Capital Management Oy
03.06.2021;Verdane Capital;"Accountor Holdings Oy; Juha Huhtanen & family"
02.06.2021;Nordhealth Oy;Kistefos AS
01.06.2021;"Farna Invest AB; Serendipity Partners AS";nxt2b
01.06.2021;"Nordea AB; Vaekstfonden; Peter Korsholm (Private Investor); Christian Riis-Hansen (Private Investor); Martin Gaarn Thomsen (Private Investor)";Solstra Capital Partners
31.05.2021;Xano Industri AB;Vaekstpartner Kapital ApS
28.05.2021;Adelis Equity Partners AB;"Tellacq AB; Fluvio Holding AB; Diana Biotech & Consulting AB; Van Hamond Groep B.V."
27.05.2021;EG A/S;Vaaka Partners Oy
27.05.2021;Glacio Cold Chain Logistics Partners AS;Icemen Groupe AB
27.05.2021;KK Wind Solutions A/S;Erhvervsinvest Management A/S
27.05.2021;Mestergruppen AS;Icon Capital AS
25.05.2021;Manna & Co Oy;Innovestor Oy
25.05.2021;Equip Capital AS;"Espen Ronneberg (Private Investor); Johan Edward Olofsson (Private Investor); Shanghai Yichan Intelligent Technology Ltd"
21.05.2021;Lars Larsen Group;Procuritas AB
20.05.2021;Construction Equipment Group AS;Hrh i AS
18.05.2021;IT Relation A/S;"Itadel A/S; Anders Bader Sojdis (Private investor); Mickey Soussah  (Private investor)"
18.05.2021;IT Relation A/S;Maj Invest Equity A/S
12.05.2021;Existing Management;Catacap Management A/S
12.05.2021;Danoffice IT ApS;"Lars Andersen (Private Investor); Kristine Bach (Private investor)"
12.05.2021;Undisclosed bidder;Catacap Management A/S
11.05.2021;FSN Capital Partners AS;Priveq Investment
11.05.2021;Altor Equity Partners AB;"Jonas Groth (Private Investor); Carl Ljungh (Private Investor)"
10.05.2021;Polaris Private Equity;"LANGEMARK ApS; EXORNATOR ApS; PEDEHOLDING ApS"
10.05.2021;Alfa Laval Corporate AB;"DNV AS; EQT Partners AB"
06.05.2021;Assemblin AB;Mulliner AB
05.05.2021;Assemblin AB;Hemsedal Helg AS
05.05.2021;Fastighets AB Balder;HitecVision AS
05.05.2021;Knowit AB;"JCE Group AB; Tequity AB; Formica Capital AB; Niklas Flyborg (Private Investor)"
04.05.2021;IT Relation A/S;"Troels Gammelgaard (Private Investor); Jesper Larsen (Private investor)"
04.05.2021;Formica Capital AB;Intera Partners Oy
03.05.2021;Dantaxi 4x48 A/S;Catacap Management A/S
30.04.2021;Undisclosed bidder;VIA Equity A/S
28.04.2021;Partnera Oy;Canelco Capital Oy
27.04.2021;Triton Partners;Credo Partners AS
26.04.2021;"Karsten Ree Holding B ApS; Kirk Kapital A/S";Capidea Management ApS
23.04.2021;Carletti A/S;MB Funds
23.04.2021;Nordic Tyre Group AB;"Egil Stenshagen (Private Investor); Paul Oord (Private Investor)"
23.04.2021;Nordic Tyre Group AB;Dag Andre Gimle Johansen (Private Investor)
20.04.2021;Lunar A/S;"Inbox Capital AB; Otiva"
19.04.2021;FAM AB;Patricia Industries
15.04.2021;DNB ASA;Altor Equity Partners AB
14.04.2021;GRO Capital A/S;"Claus Wann Jensen (Private investor); Henrik Wann Jensen (Private investor)"
13.04.2021;ECIT AS;Longship AS
13.04.2021;The North Alliance AS;Egil Stene-Johansen (Private Investor)
08.04.2021;IT Relation A/S;Stairways ApS
08.04.2021;Confirma Software;Jussi Taulu (Private Investor)
07.04.2021;EG A/S;Jan Idar Vikse (Private Investor)
07.04.2021;Kahoot! ASA;Investinor AS
06.04.2021;Caybon;Viaplay Group AB
01.04.2021;Beijer Tech AB;MVI Group
31.03.2021;Currentum AB;Klimat-innovatoren Stockholm AB
30.03.2021;Biototal AB;Nextgear Invest Limited
30.03.2021;Mimir Invest AB;Wartsila Corporation
28.03.2021;Polaris Private Equity;"Tiger Holding ApS; Tulde holding ApS; Sinful Holding ApS"
26.03.2021;OptiGroup AB;Herenco AB
22.03.2021;"Existing Management; Longship AS";Westcon Group AS
19.03.2021;Hanza Group AB;Helmet Capital
18.03.2021;Polskenet Invest AB;Christer Hedlund (Private investor)
18.03.2021;"Blackstone Group Inc ; EQT Partners AB";EQT Partners AB
18.03.2021;Nordic Waterproofing Holding A/S;Spiltan Investment AB
16.03.2021;Effnetplattformen AB;"Stronghold Invest AB; NFT Ventures"
16.03.2021;Ventilationsprojekt i Sverige AB;Lundgrens El Consulting AB
15.03.2021;Visma AS;EG A/S
11.03.2021;"Blackstone Group Inc ; Alecta Pensionsforsakring Omsedisigt; AMF Pensionsforsakring AB";EQT Partners AB
10.03.2021;Currentum AB;Luftslussen AB
10.03.2021;First Camp Sverige Holding AB;"Mittkapital i Jamtland och Vasternorrland AB; Inlandsinnovation AB; Orsa Besparingsskog; EkoNord Invest AB"
10.03.2021;"Procuritas AB; Jotunfjell Partners AS";RNB Retail and Brands AB
07.03.2021;Nordic Capital;Summa Equity AB
05.03.2021;CapMan Plc;Intera Partners Oy
04.03.2021;Soderberg & Partners Denmark;Hansson Holding Esbjerg ApS
01.03.2021;Monterro Software Investment AB;"Tyholmen Holding AS; Falkevik Holding AS; Ljosland Invest AS; Solemoa AS T.O.; Dreggveien Invest AS"
26.02.2021;Saalasti Oy;Canelco Capital Oy
26.02.2021;Profura AB;Priveq Investment
26.02.2021;Capidea Management ApS;Dansk Ejerkapital A/S
20.02.2021;"IK Partners; Intermediate Capital Group Plc";Petter Neslein (Private Investor)
19.02.2021;Funn AS;Maadavar Holding AS
19.02.2021;Longship AS;NORCE Norwegian Research Centre AS
18.02.2021;Svenska Nergy AB;Leif Sager (Private Investor)
18.02.2021;Humble Group AB;"Verdane Capital; Noel Abdayem (Private Investor)"
18.02.2021;Triton Partners;IK Partners
16.02.2021;Fortnox AB;Alfven & Didrikson Invest AB
15.02.2021;Orkla Health AS;"Impilo AB; Sana Pharma Holding AS"
15.02.2021;BICO Group AB;"Verso Capital Oy; Innovestor Oy; Finnvera Venture Capital"
10.02.2021;Hawk Invest AS;"Magnus KS Andersen (Private Individual); Thomas Bergqvist (Private Investor)"
10.02.2021;Treville & Co. A/S;EQT Partners AB
03.02.2021;The North Alliance AS;Oakwood Creative AB
03.02.2021;Nordic Capital;"Krasse & Co AB; Four Elements AB"
02.02.2021;Open Air Group AB;"Lars Lindgren (Private Investor); Theodor Storm (Privte Investor); Gerard De Geer (Privte Investor); Sormlandsfonden AB"
01.02.2021;"Existing Management; Jali Prihti (Private investor); Ville Kotka (Private investor)";Canelco Capital Oy
31.01.2021;Riddargatan SPV S AB;Procuritas AB
28.01.2021;Erhvervsinvest Management A/S;Container Centralen A/S
28.01.2021;Erhvervsinvest Management A/S;Container Centralen A/S
27.01.2021;Executive Capital A/S;J. L. Holding Nykobing Sj. ApS
27.01.2021;Nordlo AB;Johannes Jaxow (Private Investor)
26.01.2021;"EQT Partners AB; Oakley Capital Limited";EQT Partners AB
19.01.2021;Accent Equity Partners AB;"Roger Hyden (Private Investor); Niklas Pettersson (Private Investor)"
18.01.2021;Zefyr Invest A/S;Blue Equity Management A/S
18.01.2021;Broviken Gruppen AB;"Longship AS; RG Rustand Gruppen AS; HRP MgmtCo; Unione AS"
14.01.2021;Oris Dental Holding AS;Tannlege Benjaminsen AS
14.01.2021;"Litorina Capital Advisors AB; Bragnum Invest Holding AB";Capillar Equity
12.01.2021;Presto Brandsakerhet AB;Pamica Group AB
11.01.2021;Zisson AS;"StartupLab AS; Epak AS; Transaction Services AS; Claes Rickard Hellberg (Private Investor); Leif Christian Sternell (Private Investor); Irene Waage Basili (Private Investor); Creuna Design AS; Enholm Holding AS; Daber AS"
07.01.2021;WallVision AB;Mammelina AB
07.01.2021;Intera Partners Oy;"Atte Kukkonen (Private Investor); Heidi Taipale (Private Investor)"
07.01.2021;Confirmit AS;EQT Partners AB
06.01.2021;Widex A/S;EQT Partners AB
04.01.2021;Saari Partners Oy;Stella Kotipalvelut Oy
29.12.2020;Egmont International Holding A/S;"Verdane Capital; eEquity AB"
24.12.2020;Sandvik AB;Triton Partners
22.12.2020;Visma AS;Etrinell AS
22.12.2020;Bure Equity AB;Verdane Capital
18.12.2020;Catacap Management A/S;International Trade Holding A/S
17.12.2020;Cooperative Tradeka Corporation;MB Funds
15.12.2020;Simployer AS;"Luminar Ventures AB; Cloud Capital"
15.12.2020;Heimstaden Bostad AB;Niam AB
14.12.2020;Ahlsell AB;Tisenhult-gruppen AB
14.12.2020;Latour Industries AB;Verdane Capital
13.12.2020;BHG Group AB;"Nordstjernan AB; Karl-Johan Persson (Private Investor); Nicklas Storakers (Private investor); COE Investments AB; Joergen Boedmar (Private Investor)"
10.12.2020;EQT Partners AB;Polaris Private Equity
09.12.2020;Konstel AS;"Knut Eidem (Private Investor); Linda Haarstad Eidem (Private Investor)"
09.12.2020;Assemblin AB;Procuritas AB
04.12.2020;Nordomatic AB;Nordlund & Nystrom El & Styr AB
02.12.2020;Eco Log Sweden AB;Weland AB
02.12.2020;IT Relation A/S;"Jakob Heidelberg (Private Investor); Claus Vesthammer (Private Investor); Kenni Lund (Private Investor)"
30.11.2020;Kevin Wright (Private Investor);Scope Capital Advisory AB
30.11.2020;LeadDesk Oy;"Almi Invest AB; Futuremind Invest AB; Great Lake Capital AB; MIC Vardepapper"
30.11.2020;Sortera Group AB;Vaipurco Oy
26.11.2020;Moment A/S;"Brondum Nielsen Invest ApS; Ejendoms- og Materieludlejning ApS"
25.11.2020;Desenio Group AB (publ);"Oskar Renlund (private investor) ; Tobias Renlund (private investor)"
24.11.2020;Telenor ASA;"Creandum; Inventure Oy; Butterfly Ventures Oy"
23.11.2020;"Existing Management; Employees; Waterland Private Equity Investments B.V.";VIA Equity A/S
19.11.2020;Frankenius Equity AB;Nordic Capital
17.11.2020;Herkules Capital AS;Sinco AS
16.11.2020;Segulah Advisor AB;"Emil Gyllenring (Private Investor); Ivar Algvere (Private Investor)"
13.11.2020;Viking Venture Management AS;"Mvp Holding 2007 ApS; Birk Lund Holding ApS; Lanstorp Holding ApS; SMCE Holding ApS; Skydsdal Holding ApS; Thomas Gudmandsen (Private Investor); Soren Oxenhave (Private Investor); Jon Lykke (Private Investor); Fredrik Moerkeberg (Private Investor)"
09.11.2020;Recover Nordic AS;Mikael Martinsson (Private Investor)
06.11.2020;Nordisk Bergteknik AB;Freddy Flodman (Private Investor)
04.11.2020;IKM Gruppen AS;CapMan Plc
03.11.2020;Klinikk for Alle AS;"NPL Holding AS; Victor Saxing (Private Investor)"
03.11.2020;Assemblin AB;"Ari Forsstrom (Private Investor); Tero Forsstrom (Private Investor); Master Yhtiot Oy"
30.10.2020;Good Food Group A/S;Reinevald Holding ApS
29.10.2020;Sievi Capital Plc;Jyrki Lehti (Private Investor)
28.10.2020;Footway Group AB;"Verdane Capital; eEquity AB"
28.10.2020;Ceder Capital;Jurkbolagen AB
27.10.2020;Monterro Software Investment AB;Almi Invest AB
15.10.2020;Axcel Management A/S;"Installationsgruppen Invest Gbg AB; OA Smedby AB"
15.10.2020;Axcel Management A/S;"Bygg- och installationsgruppen svenska AB; Fredrik Ljungkvist (Private Investor)"
15.10.2020;Axcel Management A/S;"Venten AB; Skotte Consulting AB"
12.10.2020;"Jerker Levin (Private investor); Goodfellows Ventures; Yngvesson family";Novax AB
08.10.2020;Prosero Security Group;"Johan Alkehed (Private Individual); Petter Alkehed (Private Individual)"
07.10.2020;Midsona AB;BWB Partners P/S
07.10.2020;REKOM Group A/S;"Rune Johansen (Private investor); Karsten Quiel (Private investor); Tom Snustad (Private investor); Lars Eikefjord (Private investor)"
06.10.2020;Esbjerg Brygge Invest A/S;Mogens Olsen (Private investor)
05.10.2020;Pivot Partners AB;"Almi Invest AB; Partnerinvest Norr; Ackrainvest AB; Ekstrom Invest"
01.10.2020;Enea AB;Norvestor Equity AS
30.09.2020;A consortium led by Industri Udvikling A/S;Brunsgaard Holding ApS
27.09.2020;Iver AB;Johan Christenson (Private Investor)
26.09.2020;EQT Partners AB;Chr. Hansen Holding A/S
18.09.2020;Folmer Management Oy;Alexandre Donier (Private Investor)
18.09.2020;Alt Til Barnet Holding ApS;"Polaris Private Equity; AAC Capital Partners"
16.09.2020;Kahoot! ASA;Promentum Equity Partners
15.09.2020;Norva24 Group AB;"Pontus Jonsson (Private Investor); Andreas Jacobson (Private Investor)"
14.09.2020;Valtti Kumppanit Oy;Sininen Meteoriitti Oy
11.09.2020;Wictor Family Office;"Staffan Persson (Private Investor); Varenne AB; Ulf Eklof (Private Investor); Bo Eklof (Private Investor)"
10.09.2020;AddSecure AB;Telia Finland Oyj
10.09.2020;Conscia Holding A/S;Thomas Gronne (Private Individual)
10.09.2020;NFT Ventures;Collector Bank AB
04.09.2020;Confirma Software;"Aarno Hartikainen (Private Investor); Ulla Hartikainen (Private Investor)"
03.09.2020;DNB Bank ASA;EQT Partners AB
03.09.2020;Nordic Capital;"Summit Partners LLP; Morten Ebbesen (Private Investor); Niels Ebbesen(Private Investor)"
01.09.2020;Existing Management;Bonnier Ventures
01.09.2020;Recover Nordic AS;Larry Hojer (Private investor)
31.08.2020;Nordlo AB;Appex Operations AS
31.08.2020;Impilo AB;"Hans Krog (Private Investor); Ursula Bentin-ley (Private Investor)"
31.08.2020;"EQT Partners AB; Caisse de Depot et Placement du Quebec";IK Partners
24.08.2020;Tass AB;Small Cap Partners
24.08.2020;Blue Equity Management A/S;"Susanne Provstgaard (Private Individual); Peter Provstgaard (Private Individual)"
17.08.2020;Eco Log Sweden AB;Weland AB
11.08.2020;Damgaard-Jensen A/S;Brand Factory Group AB
10.08.2020;House of Control Group AS;Viking Venture Management AS
06.08.2020;Best Transport AB;Easy2You
04.08.2020;Priveq Investment;"Sebastian Petersen (Private Investor); Mikkel Andersen (Private Investor); Martin Hojberg Christiansen (Private Investor)"
22.07.2020;Verdane Capital;Bianca Ingrosso (Private Investor)
17.07.2020;Trill impact AB;Adelis Equity Partners AB
16.07.2020;Citypress Stockholm AB;Segulah Advisor AB
14.07.2020;Polaris Private Equity;"Lars Larsen (Private Investor); Peter Papuga  (Private Investor)"
14.07.2020;Polaris Private Equity;Carsten Papuga (Private Investor)
14.07.2020;Polaris Private Equity;Lars Larsen (Private Investor)
14.07.2020;Polaris Private Equity;Mogens Pedersen (Private Investor)
14.07.2020;"EQT Partners AB; TA Associates Management, LP.";EQT VII Fund
10.07.2020;Cubera Private Equity AS;Equip Capital AS
08.07.2020;Verdane Capital;"Johan Andersson (Private Investor); Svenska Defence AB"
08.07.2020;Storytel AB;"Northzone Ventures AS; Bonnier Ventures; Inbox Capital AB"
06.07.2020;Assemblin AB;Broderna Brolins Fastigheter AB
03.07.2020;Joakim Bogfelt (Private Investor);Accent Equity Partners AB
02.07.2020;Lounea Oy;Folmer Management Oy
02.07.2020;Laeringsverkstedet AS;Korona Invest Oy
02.07.2020;Axcel Management A/S;Adelis Equity Partners AB
01.07.2020;DanaWeb A/S;"Mads Thomsen (Private investor); Phillip Kaas (Private investor)"
01.07.2020;Visma AS;Smedvig Capital AS
30.06.2020;HMIG ApS;Erhvervsinvest Management A/S
29.06.2020;OpusCapita Solutions Oy (Cash Management business segment);Verdane Capital
29.06.2020;Altor Equity Partners AB;Peas Industries
23.06.2020;Nordic Healthcare Group Oy;"Ivan Holding ApS; Forbindelsen Holding ApS; Lindquist Holding ApS"
10.06.2020;PHM Group;Vaaka Partners Oy
04.06.2020;Nofitech AS;"Henrik Mortensen (Private Investor); Kurt Carlsen (Private Investor)"
03.06.2020;Solor Bioenergi Fjarrvarme AB;"Infranode; Asper Investment Management Limited"
22.05.2020;Tellu IoT AS;Telenor ASA
19.05.2020;Elekta AB;"Finnish Industry Investment Ltd; Reaktor Ventures; Athensmed Oy"
18.05.2020;Templafy ApS;Promentum Equity Partners
15.05.2020;Storskogen Group AB (publ);"Fredrik Englund (Private Investor); Patrik Antonsson (Private Investor)"
14.05.2020;PEQ AB;Jarven AB
08.05.2020;Eleda Group;Altor Equity Partners AB
07.05.2020;Verdane Capital;Serendipity Partners AS
22.04.2020;Verdane Capital;Manus Family
21.04.2020;ProData Consult A/S;Amesto Group AS
16.04.2020;Sakra AB;Kent Holmberg (Private investor)
14.04.2020;Axcel Management A/S;Visma AS
06.04.2020;Sakra AB;Lars Persson (Private investor)
02.04.2020;Sakra AB;Messum AB
01.04.2020;Sakra AB;IronWill Holding AB.
30.03.2020;CapMan Plc;Arctos Equity Partner
20.03.2020;Sval Energi AS;Lundin Energy AB
17.03.2020;Existing Management;Litorina Capital Advisors AB
13.03.2020;Capillar Equity;Dr. Fred Helgesen (Private Investor)
13.03.2020;Orgo Tech AB;"New Equity Venture International AB; Tourn International Ab"
11.03.2020;Norvestor Equity AS;Intera Partners Oy
09.03.2020;IBL Group;BWB Partners P/S
05.03.2020;Dansani A/S;CapMan Plc
03.03.2020;"Litorina Capital Advisors AB; Bragnum Invest Holding AB";Segulah Advisor AB
03.03.2020;Finnsiirto Oy;Matti Rautionmaa (Private Investor)
03.03.2020;Finnsiirto Oy;"Pekka Kolehmainen (Private Investor); Tommi Kolehmainen (Private Investor)"
03.03.2020;Blue Equity Management A/S;"Stibo A/S; Martin Hogsted (Private Investor); Kasper Kamp Simonsen (Private Investor)"
03.03.2020;Alinea;"Vaekstfonden; Kasper Holst Hansen (Private Investor)"
27.02.2020;Unifon AS;Contango Kapital AS
26.02.2020;"Goldman Sachs Merchant Banking Division; Summa Equity Fund II";"Viking Venture Management AS; Summa Equity Fund I"
25.02.2020;Saxo Payments Banking Circle;Bumble Ventures
24.02.2020;Posti Group Oyj;Valedo Partners
19.02.2020;Fasadgruppen Group AB;Sterner Stenhus AB
19.02.2020;"Verdane Capital; Zobito AB";Erik Martin Vik (Private investor)
07.02.2020;eEquity AB;Nordstjernan AB
05.02.2020;CapMan Plc;Avantor ASA
03.02.2020;Polygon International AB;DBK Invest A/S
31.01.2020;Existing Management;Norvestor Equity AS
17.01.2020;Dansk Ejerkapital A/S;"Peter Wendorff Olsen (Private investor); Mette Norgaard (Private investor)"
17.01.2020;Evolver Investment Group Ltd.;Halvor Sandbu (Private Investor)
17.01.2020;Verdane Capital;Hans Ottosen (Private Investor)
16.01.2020;Litorina Capital Advisors AB;Atleto Holding AS
15.01.2020;Abilia AB;Pamica Group AB
10.01.2020;JCE Group AB;Fouriertransform AB
10.01.2020;Den Sociale Kapitalfond Management ApS;Gl. Tved Holding
07.01.2020;Prototal AB;"Jesper Damvig (Private Investor); Susanne Damvig (Private Investor)"
07.01.2020;"Finnish Industry Investment Ltd; Sievi Capital Plc";Kiitokori Oy
23.12.2019;Accent Equity Partners AB;CapMan Plc
23.12.2019;"Jukka Kristo (Private Investor); Tommy Innala (Private Investor); Mari Onkamo (Private Investor)";Intera Partners Oy
21.12.2019;Nordic Capital;Consilium AB
20.12.2019;Bulten AB;EQT Partners AB
19.12.2019;Piab AB;SEB Venture Capital
19.12.2019;Melker Schorling AB;EQT Partners AB
18.12.2019;Schibsted ASA;"Aller Media AB; Tjuvholmen Ventures Inc."
17.12.2019;AddSecure AB;Stella Kotipalvelut Oy
16.12.2019;"Peter Condrup (Private Investor); Johan Halvardsson (Private Investor)";Triton Partners
13.12.2019;Fasadgruppen Group AB;Andreas Illerfelt (Private Investor)
13.12.2019;Saimaan Eristys Oy;Sponsor Capital Oy
12.12.2019;Norva24 Group AB;Per Daniel Goransson (Private Investor)
12.12.2019;All Things Live Group ApS;Elina Krantz  (Private Investor)
10.12.2019;Storskogen Group AB (publ);Ledstiernan AB
10.12.2019;Aleris AB;Praktikertjanst AB
09.12.2019;Nalka Invest AB;Valedo Partners
09.12.2019;Nederman Holding AB;Alder AB
05.12.2019;SSG A/S;"Slattmyr & Co Investment AB; Elaize Style AB; Lazar Invest AB"
05.12.2019;Sanoma Oyj;EQT Partners AB
04.12.2019;Canelco Capital Oy;Tapio Hussin (Private Investor)
27.11.2019;"DWS Group GmbH & Co. KGaA; Argentum Fondinvesteringer AS";Norvestor Equity AS
26.11.2019;Enhanced Drilling Holding AS;IKM Gruppen AS
21.11.2019;Oral Care AB;"Anne Lise Helsingen (Private Investor); Wenche Hagalokken (Private Investor)"
20.11.2019;A/S Motortramp;"Nordic Mezzanine Advisers Limited; Togu Aps; MST Finance & Consult ApS; Lerche A/S; Roar B. Jensen Holding ApS; NST Consulting ApS; Susanne Henriques Busck (Private investor)"
20.11.2019;Broodstock Capital;Eagle AS
12.11.2019;Broodstock Capital;"Midvestor Management AS; Bolgen Invest AS"
11.11.2019;Momentum Group AB;Nordstjernan AB
10.11.2019;FSN Capital Partners AS;BWB Partners P/S
06.11.2019;Solita Oy;"Existing Management; Carl Tivelius (Private Investor); Anders Tholen (Private Investor); Johan Thyblad (Private Investor)"
05.11.2019;FSN Capital Partners AS;Sobro AB
04.11.2019;Temporary Space Nordics;GSV Materieludlejning A/S
31.10.2019;CapMan Plc;Telia Company AB
30.10.2019;Catacap Management A/S;VXC Holding ApS
29.10.2019;Verdane Capital;Kistefos AS
21.10.2019;Polaris Private Equity;BWB Partners P/S
16.10.2019;Verdane Capital;"LahiTapiola Group; Elo Mutual Pension Insurance Company"
15.10.2019;Nordic Capital;Sievi Capital Plc
08.10.2019;Ropo Capital OY;Collector AB
01.10.2019;Litorina Capital Advisors AB;"Sportmanship Invest AB ; Fidelio Capital AB"
30.09.2019;Triton Partners;"Verdane Capital; Foinco Invest AS"
23.09.2019;Jernbro Industrial Services AB;Veolia Sverige AB
04.09.2019;MOMEK Group AS;HitecVision AS
02.09.2019;Ernstromgruppen AB;Enerpoint Oy
27.08.2019;Verdane Capital;Novax AB
23.08.2019;Vaekstpartner Kapital ApS;Aage Agergaard (Private investor)
20.08.2019;Credo Partners AS;Bryn family
19.08.2019;"Nordic Capital; Sampo plc";Norwegian Air Shuttle ASA
16.08.2019;Coronaria Oy;Intera Partners Oy
15.08.2019;Zefyr Invest A/S;Michael Zohner Pedersen (Private investor)
14.08.2019;Nordic Choice Hotels AS;"CapMan Plc; Berling Capital Oy; Rake Oy"
07.08.2019;EQT Partners AB;IK Partners
06.08.2019;Schur International A/S;"PKA Alternative Investment Partners; Maj Invest Equity A/S"
15.07.2019;EV Private Equity;Altor Equity Partners AB
15.07.2019;Loopia AB;Binero Group AB
12.07.2019;Triton Partners;Investor AB
10.07.2019;A.P. Moller Holding A/S;Solix Group AB
10.07.2019;Procuritas AB;Askeladden & Co
05.07.2019;Equip Capital AS;Haagaas Invest AS
05.07.2019;Sobro AB;Thomas Sparring (Private Investor)
05.07.2019;Eezy Oyj;NoHo Partners Plc
05.07.2019;Baneservice AS;Herkules Capital AS
04.07.2019;Iver AB;Norvestor Equity AS
02.07.2019;Miss Group;Ilait Group AB
02.07.2019;Mimir Invest AB;Koskisen Oy
28.06.2019;Nalka Invest AB;WilRon Holding AB
28.06.2019;Dansk Generationsskifte AS;"Tonnie Nygaard (Private investor); Lars Nygaard (Private investor)"
28.06.2019;Procuritas AB;"Michael Severin (Private Investor); Anne Dorthe Hjort (Private Investor)"
26.06.2019;VIA Equity A/S;Danske Spil A/S
25.06.2019;SP Group A/S;Aboa Venture Management Oy
24.06.2019;HR Nordic Holding AS;FH Kapital AB
21.06.2019;Karo Healthcare AB;"HealthCap; Avista Capital Partners LP"
20.06.2019;Visma AS;Maj Invest Equity A/S
18.06.2019;Altor Equity Partners AB;Magnus von Haartman (Private Investor)
18.06.2019;Altor Equity Partners AB;"Mats-Ove Eriksson (Private Investor); Torsten Pettersson (Private Investor)"
13.06.2019;Priveq Investment;Per Ejerhed (Private investor)
12.06.2019;Siljan Group AB;Bergkvist family
11.06.2019;Mimir Invest AB;Epiroc AB
11.06.2019;EQT Infrastructure IV;EQT Partners AB
11.06.2019;Altor Equity Partners AB;eEquity AB
03.06.2019;EG A/S;Lindbak Gruppen AS
03.06.2019;"Credo Partners AS; Erle Invest AS; First Process Holding AS";Havyard Group AS
29.05.2019;Dansk Ejerkapital A/S;"Lars Lauridsen (Private investor); Jette Wittrup (Private investor)"
29.05.2019;Accent Equity Partners AB;Connecting Capital
28.05.2019;Verdane Capital;Canica AS
27.05.2019;Existing Management;Segulah Advisor AB
27.05.2019;Skitude Holding AS;"Canica AS; Investinor AS; The Crowd Angel SL; Norselab Holding AS; Draper B1; Bagi Inversions SL"
23.05.2019;Walki Group Oy;Sponsor Capital Oy
19.05.2019;Visolit AS;HitecVision AS
16.05.2019;Componenta Corporation;"CapMan Plc; Fortaco Group Oy"
16.05.2019;E.ON Sverige AB;EQT Partners AB
14.05.2019;Polygon International AB;Tehopartner Oy
09.05.2019;Danoffice IT ApS;Datacon Group Aps
08.05.2019;Ficolo Oy;Fujitsu Finland Oy
07.05.2019;Sensio AS;"Egil Rove (Private investor); Gro Rove (Private investor)"
07.05.2019;Sentica Partners Oy;Swanljung family
03.05.2019;Helix Kapital AB;Roger Baburin (Private Individual)
02.05.2019;TGS ASA;Altor Equity Partners AB
02.05.2019;Ahlens AB;Novax AB
30.04.2019;Investeringsselskabet Af 18. Marts 2013 ApS;Bjert Private Equity A/S
30.04.2019;Sogemedier A/S;DEMZ Invest AB
29.04.2019;AQ Group AB;Intera Partners Oy
29.04.2019;BRP Systems AB;"Adeptio AB; Costell Holding AB; JAX Holding i Limhamn AB"
25.04.2019;GlobalConnect A/S;Peter Durup (Private Investor)
15.04.2019;Foxway AB;Summa Equity AB
15.04.2019;EQT Partners AB;Dellner Family
12.04.2019;IK Partners;Infrea AB
11.04.2019;Nordic Capital;"Viking Venture Management AS; Secure Identity Holding AS"
04.04.2019;Blue Equity Management A/S;Tommy Nors (Private Investor)
03.04.2019;Miss Group;Fredrik Skold (Private Investor)
03.04.2019;Axcel Management A/S;Peter Bower (Private Investor)
02.04.2019;IT Relation A/S;VIA Equity A/S
01.04.2019;"Ilmarinen Mutual Pension Insurance Company; Sjatte AP-fonden";Nalka Invest AB
29.03.2019;Dustin Group AB;Sentica Partners Oy
29.03.2019;K-rauta AB;"Litorina Capital Advisors AB; Oscarson Invest AB"
08.03.2019;"Fidelio Capital AB; Realsolv AB";"Misselle AB; Tantal Investment AB; Triega AB"
06.03.2019;Helsepartner Nord-Norge;Landsforeningen for hjerte- og lungesyke
01.03.2019;Nordic Capital;Axcel Management A/S
01.03.2019;KiiltoClean Oy;Segulah Advisor AB
25.02.2019;Adelis Equity Partners AB;"Sentica Partners Oy; KPY Sijoitus Oy"
20.02.2019;Den Sociale Kapitalfond Management ApS;Bo Olsen (Private Investor)
19.02.2019;TDC A/S;"Seed Capital Denmark; PreSeed Ventures"
15.02.2019;Undisclosed bidder;Sentica Partners Oy
14.02.2019;Kinnevik AB;"Verdane Capital; Ferd Capital"
13.02.2019;Fidelio Capital AB;AniCura AB
13.02.2019;Thirdpresence Oy;Superhero Capital
13.02.2019;"Alecta Pensionsforsakring Omsedisigt; Sjatte AP-fonden";EQT Partners AB
13.02.2019;Mestergruppen AS;Norum family
11.02.2019;Blocket AB;"Claes Dinkelspiel (Private Investor); Lars Lindgren (Private Investor); Bo Mattsson (Private Investor); DHS Venture Partners AB; J12 Ventures AB"
08.02.2019;Summa Equity AB;Jonkoping Business Development AB
08.02.2019;Adelis Equity Partners AB;Rauff Mikkelsen (Private Investor)
06.02.2019;Ulrich Mosegaard  (Private Investor);Dansk Ejerkapital A/S
06.02.2019;Maj Invest Equity A/S;The Wendelbo family
04.02.2019;Alvardag Group Oyj;"Sentica Partners Oy; Sisco Asunnot Oy"
01.02.2019;Realsolv AB;Hjelmarhall Invest och Forvaltning AB
31.01.2019;Iver AB;BAS Invest AB
31.01.2019;Cibicom;Relacom Sverige AB
28.01.2019;Indentive AB;Scope Capital Advisory AB
28.01.2019;Humana AB;Coronaria Oy
24.01.2019;Marieholms Industrirengoring AB (MIAB);"Juuri Partners Oy; Nurmi Family; Suvi Kuusisto (Private Individual); Aarne Hallama (Private Individual)"
22.01.2019;Track Group AB;Polaris Private Equity
21.01.2019;Morenot AS;Breivei AS
21.01.2019;Nordic Capital;Altor Equity Partners AB
16.01.2019;"Skattum Eiendom AS; SKB Eiendom AS; Olsen Eiendom AS";"H.I.G. Capital, LLC; Arne Blystad (Private Investor); Ness, Risan & Partners AS"
14.01.2019;Unicare Holding AS;Landsforeningen for hjerte- og lungesyke
14.01.2019;Karnell;Eton Innovation AB
14.01.2019;Executive Capital A/S;"Lars Elgard Nielsen (Private Investor); Allan Sorrig (Private Investor)"
14.01.2019;Ratos AB;Daniel Spasic (Private Invetor)
11.01.2019;Segulah Advisor AB;"Franck family; Per Hannius (Private Investor)"
10.01.2019;Meniga Ltd.;"Nordea AB; Greylock Partners; Qualcomm Ventures; Creandum; Atomico; NFT Ventures"
10.01.2019;Andersen family;Axcel Management A/S
09.01.2019;Unicare Holding AS;Tris Holding AS
28.12.2018;Jula Postorder AB;Nalka Invest AB
18.12.2018;Cegal AS;Avito AS
18.12.2018;Scope Capital Advisory AB;Peter af Buren (Private Investor)
18.12.2018;Storskogen Group AB (publ);Provator AB
18.12.2018;Accent Equity Partners AB;Herstal Holding ApS
13.12.2018;Bellman Group AB;Roger Hansson (Private Investor)
12.12.2018;Waterland Private Equity ApS;"Pernille Moller Pedersen (Private Investor); Kim Worsoe (Private Investor)"
12.12.2018;Waterland Private Equity ApS;"Pernille Moller Pedersen (Private Investor); Kim Worsoe (Private Investor)"
12.12.2018;Waterland Private Equity ApS;Mark Vaughan (Private Investor)
11.12.2018;A consortium led by Polaris Private Equity and Acathia Capital GmbH;Danica Pension A/S
07.12.2018;First Geo AS;"DNB ASA; Silverfleet Capital Partners LLP; Nordea AB"
07.12.2018;Norvestor Equity AS;Herkules Capital AS
03.12.2018;Nord Kapitalforvaltning AS;Svein Mjoen (Prvate Investor)
03.12.2018;Gapyel AB;"eEquity AB; Magnus Johansson (Private Investor)"
03.12.2018;GSV Materieludlejning A/S;Ramirent Plc
30.11.2018;Rovio Entertainment Oyj;"Northzone Ventures AS; Creandum; London Venture Partners LLP"
30.11.2018;Maj Invest Equity A/S;"Torben Christensen (Private Investor); Allan Christensen (Private Investor); Otto Christensen (Private Investor)"
30.11.2018;Maj Invest Equity A/S;"Torben Christensen (Private Investor); Allan Christensen (Private Investor); Otto Christensen (Private Investor)"
29.11.2018;Maj Invest Equity A/S;Blue Equity Management A/S
27.11.2018;AB Max Sievert;Accent Equity Partners AB
23.11.2018;Mimir Invest AB;Caverion Corporation
22.11.2018;Whyred AB;"Varenne AB; Stefan Soederberg (Private Investor); Ann Ringstrand (Private Investor)"
21.11.2018;Lideta Malardalen AB;Aleris AB
21.11.2018;Efore Plc;Verdane Capital
20.11.2018;Sentica Partners Oy;Nordia Management Oy
14.11.2018;Ronald A/S;Capidea Management ApS
08.11.2018;IK Partners;Waterland Private Equity Investments B.V.
05.11.2018;"Finnish Industry Investment Ltd; Partnera Oy";Jarkir Oy
05.11.2018;OneMed Oy;"Kimmo Silvennoinen (Private Investor); Marita Smolander (Private Investor)"
01.11.2018;Ramudden AB;Pete Willman (Private Investor)
31.10.2018;Solix Group AB;Wartsila Corporation
30.10.2018;Sobro AB;"Mr. Peter Galli (Private Investor); Mr. Marcus Murray (Private Investor)"
29.10.2018;Undisclosed bidder;Sentica Partners Oy
15.10.2018;Green Landscaping AB;Nalka Invest AB
12.10.2018;MVI Group;Simon Simonnaes (Private Investor)
10.10.2018;Molslinjen A/S;"Danish Ministry of Transport and Energy; Clipper Group A/S"
05.10.2018;Solix Group AB;"Dansk Ejerkapital A/S; Mikkel Jacobsen (Private investor)"
02.10.2018;Pamica Group AB;Loihde Oy
28.09.2018;Posti Group Oyj;MB Funds
25.09.2018;Alder AB;Verdane Capital
21.09.2018;Odelav 17 AB;Dansk Ejerkapital A/S
13.09.2018;Rootfruit Scandinavia AB (publ);Credelity Capital AB
12.09.2018;Gudrun Sjoeden (Private Investor);Ratos AB
10.09.2018;Summa Equity AB;MVI Group
04.09.2018;StormGeo AS;NHST Media Group
03.09.2018;Novax AB;Revide Group AB
02.09.2018;Verdane Capital;Skagerak Maturo AS
31.08.2018;Polaris Private Equity;Falck Danmark A/S
29.08.2018;Polaris Private Equity;Falck Danmark A/S
28.08.2018;DEAS A/S;Nordea AB
15.08.2018;Priveq Investment;Pierre Bjurhager (Private investor)
07.08.2018;MS2 Invest Oy Ab;Maj Invest Equity A/S
31.07.2018;Triton Partners;SKF AB
30.07.2018;Procuritas AB;Ramirent Plc
27.07.2018;"ATP Group; 3i Infrastructure plc";EQT Partners AB
19.07.2018;Sellbranch AB;"Northzone Ventures AS; Kreos Capital; Industrifonden AB"
17.07.2018;Volati AB;Accent Equity Partners AB
12.07.2018;Royal Unibrew A/S;"Siparex Groupe ; Jean Pierre Barjon (Private investor)"
11.07.2018;Helix Kapital AB;Hedask Forvaltning AB
09.07.2018;Adelis Equity Partners AB;Herkules Capital AS
09.07.2018;Jotunfjell Partners AS;Eltel AB
09.07.2018;EQT Partners AB;Saxo Bank A/S
06.07.2018;Helix Kapital AB;Sandstrom family
05.07.2018;Katalysator AS;CapMan Plc
03.07.2018;Vicore Pharma Holding AB;"HealthCap; Nanologica AB"
02.07.2018;4service AS;Steg AS
01.07.2018;Var Energi AS;HitecVision AS
28.06.2018;"Altor Equity Partners AB; TryghedsGruppen smba";Parken Sport & Entertainment A/S
27.06.2018;KLP;Stena Adactum
27.06.2018;AMF Pensionsforsakring AB;Stena Adactum
26.06.2018;Cramo Plc;Nalka Invest AB
25.06.2018;Mellby Gard AB;Valedo Partners
20.06.2018;Okea ASA;A/S Norske Shell
20.06.2018;Fresks Group AB;"Kay Stralin (Private Investor); Leo Stralin (Private Investor)"
20.06.2018;Kiilto Oy;PEQ AB
18.06.2018;Axcel Management A/S;Visma AS
18.06.2018;Norvestor Equity AS;CapMan Plc
18.06.2018;IK Partners;KPMG AB
17.06.2018;Triton Partners;"Christian Nordwall (Private Investor); Marcus Nordwall (Private Investor)"
15.06.2018;Ceder Capital;Connecting Capital
14.06.2018;Quant AB;Vaaka Partners Oy
12.06.2018;Connecting Capital;Mikael Karlsson (Private Investor)
08.06.2018;Segulah Advisor AB;Fouriertransform AB
06.06.2018;Holta Invest AS;CapMan Plc
05.06.2018;Administer Oy;Sentica Partners Oy
04.06.2018;IK Partners;A-Katsastus Oy
04.06.2018;FSN Capital Partners AS;Ceder Capital
30.05.2018;SSG A/S;Accent Equity Partners AB
29.05.2018;TempCon Logistics AB;Peter Claesson (Private Investor)
29.05.2018;"Axcel Management A/S; Chr. Augustinus Fabrikker A/S";Jacob Gudmund Olsen (Private Investor)
22.05.2018;AddSecure AB;Chalmers Ventures AB
18.05.2018;"Argentum Fondinvesteringer AS; Cahill Innovation Inc.";"Scottish Enterprise; EV Private Equity"
18.05.2018;First Mover Group AS;Reiten & Co
18.05.2018;"CVC Advisers Ltd; Ilmarinen Mutual Pension Insurance Company; LahiTapiola Group; Varma Mutual Pension Insurance Company";"KKR & Co. Inc. ; Triton Partners"
16.05.2018;Linka Energy A/S;"Alder AB; Magnus Holmgren (Private Investor)"
15.05.2018;Existing Management;Greystone Capital A/S
15.05.2018;Roadworks AS;Agder Energi AS
09.05.2018;Dansk Ejerkapital A/S;"Uwe Jensen (Private investor); John Jeppesen (Private investor); Bruno Max Sorensen (Private investor)"
09.05.2018;Altor Equity Partners AB;"Kjersti Gronmyr  (Private Individual);  Bjorn Gronmyr  (Private Individual)"
07.05.2018;VIA Equity A/S;Ingen minns en fegis AB
02.05.2018;VIA Equity A/S;Micro Matic A/S
30.04.2018;"VKR Holding A/S; Kraks Fond; Greystone Capital A/S";"Christian Riisberg (Private Investor); Gustaf Ohrn (Private Investor)"
30.04.2018;Patricia Industries;EQT Partners AB
27.04.2018;Suiris Invest AB;Stjarnvalvet AB
27.04.2018;GlobalConnect AS;NextGenTel Holding ASA
24.04.2018;Intera Partners Oy;Korona Invest Oy
24.04.2018;Renta Group Oy;Accent Equity Partners AB
24.04.2018;"Sentica Partners Oy; Finnish Industry Investment Ltd";NoHo Partners Plc
21.04.2018;Axcel Management A/S;Orion Oyj
12.04.2018;NoHo Partners Plc;Intera Partners Oy
10.04.2018;EQT Infrastructure III;EQT Partners AB
09.04.2018;Familar Oy;Folmer Management Oy
03.04.2018;"VIA Equity A/S; Jan Gaardboe Jensen (Private Investor)";Vaekst-Invest Nordjylland A/S
03.04.2018;Altor Equity Partners AB;Bo Larsson (Private Investor)
23.03.2018;Polaris Private Equity;Hansen Family
22.03.2018;Thylander Gruppen;Altor Equity Partners AB
22.03.2018;Sinch AB (publ);Maj Invest Equity A/S
22.03.2018;Input Interior Ab;Herkules Capital AS
19.03.2018;Danish Crown AmbA;"Maj Invest Equity A/S; Per Fischer Larsen (Private Investor); Steffen Ramsgaard (Private Investor)"
16.03.2018;H. Lundbeck A/S;"Seroba Life Sciences; Forbion Capital Partners; Sunstone Life Science Ventures A/S; Ysios Capital Partners, SGEIC, S.A.U; Merck Ventures BV"
14.03.2018;Nordstjernan AB;Aktiebolaget Zelda
12.03.2018;Altor Equity Partners AB;Foreningen Lantbrukarnas Riksforbund
09.03.2018;Peter Gyllenhammar AB;Segulah Advisor AB
08.03.2018;Asset Buyout Partners AS;EQT Partners AB
06.03.2018;Fortum Charge & Drive;"Cleantech Invest Plc; Heinz Durr Invest GmbH"
02.03.2018;Semantix AB;Amesto Group AS
28.02.2018;Juuri Partners Oy;Sievi Capital Plc
23.02.2018;Erhvervsinvest Management A/S;Roblon A/S
21.02.2018;Tieto Corporation;Viking Venture Management AS
20.02.2018;"Cooperative Tradeka Corporation; Colosseum Dental Group";Adelis Equity Partners AB
16.02.2018;Norvestor Equity AS;Sperre Mek. Verksted AS
